id,order_id,user_id,product_id,inventory_item_id,status,created_at,shipped_at,delivered_at,returned_at,sale_price
64359,44231,35059,13606,173372,Shipped,06.02.2022 22:19:16,08.02.2022 12:06:00,,,"2,5"
119595,82306,65637,13606,322704,Shipped,10.01.2022 07:31:46,12.01.2022 17:20:00,,,"2,5"
126555,87167,69525,13606,341421,Returned,18.04.2023 14:46:45,21.04.2023 08:14:00,21.04.2023 12:22:00,24.04.2023 12:04:00,"2,5"
180500,124452,99274,28951,486768,Shipped,11.08.2023 05:38:40,11.08.2023 10:54:00,,,3
34799,23912,18858,28951,93988,Complete,05.07.2022 01:08:20,06.07.2022 01:03:00,06.07.2022 16:11:00,,3
118879,81823,65238,28951,320760,Complete,21.07.2023 05:44:24,21.07.2023 12:36:00,24.07.2023 15:07:00,,3
150357,103611,82664,28951,405523,Returned,21.11.2021 07:33:16,20.11.2021 07:45:00,22.11.2021 06:23:00,24.11.2021 21:42:00,3
176139,121451,96889,28951,475013,Returned,20.07.2021 03:50:28,21.07.2021 04:42:00,24.07.2021 02:09:00,24.07.2021 21:21:00,3
112663,77511,61807,28951,303924,Cancelled,09.03.2023 02:20:24,,,,3
121993,83956,66944,28951,329182,Processing,18.01.2023 06:56:57,,,,3
158443,109218,87080,28951,427293,Processing,04.02.2021 12:35:55,,,,3
15525,10657,8412,28557,41793,Shipped,03.07.2022 07:34:44,04.07.2022 12:45:00,,,"3,25"
46494,31978,25340,28557,125385,Shipped,08.05.2021 11:39:59,11.05.2021 11:56:00,,,"3,25"
71199,48943,38899,28557,191766,Shipped,19.10.2022 13:51:45,20.10.2022 19:33:00,,,"3,25"
117908,81167,64698,28557,318117,Shipped,24.04.2022 07:52:14,24.04.2022 19:02:00,,,"3,25"
119978,82562,65833,28557,323724,Returned,31.07.2023 08:19:36,01.08.2023 14:53:00,02.08.2023 22:14:00,03.08.2023 07:16:00,"3,25"
39289,27029,21403,28557,106046,Cancelled,12.08.2023 03:51:33,,,,"3,25"
2576,1709,1305,15419,6938,Shipped,31.03.2021 21:03:21,01.04.2021 04:19:00,,,"3,5"
15313,10503,8304,28668,41222,Shipped,20.07.2023 14:27:19,19.07.2023 02:58:00,,,"3,5"
19545,13431,10556,28668,52620,Shipped,19.09.2023 01:07:00,21.09.2023 00:36:00,,,"3,5"
36168,24856,19591,15917,97660,Shipped,05.02.2023 11:56:37,06.02.2023 16:27:00,,,"3,5"
40436,27819,22037,13696,109119,Shipped,22.10.2023 13:29:02,23.10.2023 04:11:40,,,"3,5"
61998,42616,33766,13696,166998,Shipped,21.07.2022 21:55:35,21.07.2022 04:00:00,,,"3,5"
64627,44414,35213,14248,174080,Shipped,07.06.2021 02:53:09,08.06.2021 14:03:00,,,"3,5"
78596,54036,42967,28668,211778,Shipped,30.05.2019 22:19:45,02.06.2019 16:23:00,,,"3,5"
79254,54494,43329,15917,213570,Shipped,16.03.2023 05:53:24,17.03.2023 15:00:00,,,"3,5"
90295,62026,49374,15419,243447,Shipped,03.10.2023 13:05:59,03.10.2023 18:15:00,,,"3,5"
125758,86603,69063,13696,339249,Shipped,18.05.2020 00:54:26,16.05.2020 06:14:00,,,"3,5"
146102,100653,80275,15784,393993,Shipped,23.10.2023 02:08:12,25.10.2023 14:16:56,,,"3,5"
154213,106291,84721,28679,415940,Shipped,03.07.2023 17:06:05,01.07.2023 08:49:00,,,"3,5"
8371,5702,4528,28679,22554,Complete,15.01.2022 15:39:50,17.01.2022 22:30:00,21.01.2022 03:28:00,,"3,5"
13445,9211,7297,28668,36224,Complete,30.01.2021 07:01:53,01.02.2021 21:24:00,03.02.2021 12:38:00,,"3,5"
13663,9371,7421,15917,36809,Complete,24.09.2023 06:29:50,26.09.2023 00:15:00,28.09.2023 00:08:00,,"3,5"
55851,38362,30366,15419,150585,Complete,10.03.2020 10:33:14,10.03.2020 12:08:00,13.03.2020 04:47:00,,"3,5"
69561,47822,38003,15784,187340,Complete,07.09.2023 13:56:58,05.09.2023 00:18:00,06.09.2023 11:36:00,,"3,5"
82728,56864,45249,28679,222959,Complete,23.10.2023 09:37:43,25.10.2023 17:16:22,29.10.2023 01:57:22,,"3,5"
84577,58127,46225,15784,227933,Complete,20.10.2023 00:11:52,20.10.2023 23:09:00,25.10.2023 14:43:00,,"3,5"
84682,58187,46262,28679,228227,Complete,05.03.2023 04:18:18,05.03.2023 08:47:00,08.03.2023 21:51:00,,"3,5"
135085,92995,74239,28668,364391,Complete,31.12.2022 15:23:51,02.01.2023 15:44:00,05.01.2023 05:29:00,,"3,5"
14249,9781,7736,13696,38353,Returned,02.09.2023 14:25:24,04.09.2023 17:47:00,04.09.2023 18:05:00,05.09.2023 04:02:00,"3,5"
35487,24397,19243,15419,95819,Returned,10.09.2023 03:09:18,13.09.2023 01:02:00,13.09.2023 22:47:00,14.09.2023 13:22:00,"3,5"
41013,28199,22342,15917,110670,Cancelled,28.09.2023 06:57:31,,,,"3,5"
45860,31525,24982,15784,123671,Cancelled,21.04.2022 07:39:17,,,,"3,5"
46406,31913,25292,15917,125153,Cancelled,26.12.2022 08:54:10,,,,"3,5"
62900,43230,34276,28679,169434,Cancelled,22.10.2023 08:25:28,,,,"3,5"
96434,66241,52832,15917,260146,Cancelled,04.09.2023 23:20:17,,,,"3,5"
114592,78875,62902,28679,309130,Cancelled,29.12.2022 11:07:05,,,,"3,5"
142720,98249,78365,13696,384865,Cancelled,14.07.2022 07:56:20,,,,"3,5"
142726,98253,78368,15917,384881,Cancelled,22.07.2023 04:17:24,,,,"3,5"
4043,2720,2104,13696,10918,Processing,02.05.2022 12:19:55,,,,"3,5"
25916,17803,14016,13696,69836,Processing,23.09.2022 06:32:33,,,,"3,5"
45488,31253,24770,13696,122686,Processing,13.11.2022 02:58:33,,,,"3,5"
73713,50717,40310,15419,198591,Processing,26.06.2021 13:11:35,,,,"3,5"
75170,51711,41082,15917,202545,Processing,06.11.2022 06:41:00,,,,"3,5"
87872,60358,48040,15419,236823,Processing,25.01.2023 16:56:36,,,,"3,5"
98765,67865,54179,28679,266395,Processing,22.09.2020 02:09:37,,,,"3,5"
176428,121653,97071,15917,475776,Processing,03.11.2022 15:34:26,,,,"3,5"
73503,50568,40193,12602,198022,Shipped,06.11.2022 09:50:42,06.11.2022 13:09:00,,,"3,75"
110090,75743,60417,12602,297024,Shipped,10.12.2022 01:45:45,10.12.2022 10:22:00,,,"3,75"
141771,97590,77828,12602,382319,Shipped,17.10.2022 23:31:31,18.10.2022 20:08:00,,,"3,75"
21409,14704,11549,12602,57679,Complete,01.04.2023 07:00:47,01.04.2023 12:01:00,03.04.2023 07:23:00,,"3,75"
23727,16297,12840,12602,63972,Cancelled,25.09.2023 21:45:59,,,,"3,75"
100800,69283,55290,12602,271901,Cancelled,06.07.2021 07:07:38,,,,"3,75"
23913,16435,12952,12602,64495,Processing,19.09.2023 10:16:24,,,,"3,75"
68723,47250,37520,12602,185108,Processing,17.02.2023 13:18:40,,,,"3,75"
119565,82286,65618,12602,322627,Processing,26.08.2023 02:13:42,,,,"3,75"
161134,111105,88576,12602,434632,Processing,03.05.2023 12:35:02,,,,"3,75"
110273,75875,60520,12667,297519,Complete,02.05.2022 23:58:47,05.05.2022 12:11:00,08.05.2022 03:47:00,,4
121343,83514,66601,12667,327455,Complete,09.10.2023 15:09:16,11.10.2023 13:40:00,13.10.2023 06:42:00,,4
17558,12069,9494,12667,47213,Returned,26.10.2022 01:58:05,26.10.2022 08:50:00,29.10.2022 12:46:00,29.10.2022 16:50:00,4
23745,16310,12852,24922,64029,Shipped,05.05.2023 14:14:34,08.05.2023 03:34:00,,,"4,5"
90589,62217,49521,25265,244257,Shipped,03.10.2021 15:25:37,02.10.2021 00:21:00,,,"4,5"
97199,66765,53274,28370,262177,Shipped,19.07.2023 07:25:43,16.07.2023 10:38:00,,,"4,5"
141450,97369,77655,24922,381455,Shipped,05.05.2021 10:34:01,02.05.2021 03:34:00,,,"4,5"
168371,116110,92576,25265,454115,Shipped,07.11.2022 14:35:13,08.11.2022 18:54:00,,,"4,5"
168503,116193,92647,25265,454481,Shipped,23.05.2022 09:49:44,23.05.2022 19:31:00,,,"4,5"
168660,116301,92733,28370,454896,Shipped,16.09.2021 05:10:09,17.09.2021 14:25:00,,,"4,5"
53918,37055,29351,28370,145364,Complete,19.03.2022 07:37:58,19.03.2022 00:42:00,22.03.2022 03:56:00,,"4,5"
63450,43601,34586,28370,170933,Complete,14.07.2022 23:09:57,12.07.2022 10:49:00,12.07.2022 12:53:00,,"4,5"
87955,60416,48087,25265,237054,Complete,17.10.2022 16:02:12,19.10.2022 03:20:00,20.10.2022 14:29:00,,"4,5"
96179,66057,52677,24922,259465,Complete,18.04.2023 13:39:08,20.04.2023 18:58:00,20.04.2023 22:23:00,,"4,5"
149589,103059,82219,28370,403455,Complete,06.12.2022 12:30:05,08.12.2022 09:13:00,10.12.2022 12:11:00,,"4,5"
169317,116746,93089,25265,456650,Complete,29.01.2022 14:38:53,31.01.2022 05:32:00,03.02.2022 10:40:00,,"4,5"
169708,117015,93319,25265,457690,Returned,08.04.2023 12:40:18,06.04.2023 21:01:00,09.04.2023 19:58:00,11.04.2023 15:56:00,"4,5"
154266,106333,84750,24922,416084,Cancelled,19.10.2023 04:28:59,,,,"4,5"
4939,3368,2607,25265,13338,Processing,02.08.2022 09:43:59,,,,"4,5"
25004,17178,13523,28370,67409,Processing,29.08.2023 03:38:28,,,,"4,5"
26446,18170,14320,24922,71291,Processing,03.10.2023 10:34:58,,,,"4,5"
114735,78971,62974,28370,309514,Processing,10.02.2023 12:26:17,,,,"4,5"
11674,8035,6337,24793,31447,Shipped,14.09.2022 01:35:38,10.09.2022 19:17:00,,,5
21970,15088,11852,18719,59201,Shipped,15.08.2023 03:17:56,14.08.2023 11:20:00,,,5
42794,29407,23290,9002,115455,Shipped,22.10.2020 02:43:37,22.10.2020 20:00:00,,,5
65712,45169,35818,16949,176975,Shipped,03.04.2023 06:38:00,04.04.2023 12:29:00,,,5
72019,49522,39364,24793,194039,Shipped,21.08.2023 05:14:34,24.08.2023 00:00:00,,,5
92702,63656,50772,9002,249979,Shipped,06.12.2020 10:25:36,08.12.2020 16:36:00,,,5
100297,68947,55015,11016,270550,Shipped,28.01.2020 23:18:49,29.01.2020 01:02:00,,,5
147250,101444,80922,18719,397103,Shipped,16.03.2023 07:27:51,18.03.2023 03:11:00,,,5
164242,113244,90283,24793,442974,Shipped,31.07.2022 00:57:42,30.07.2022 09:07:00,,,5
175145,120789,96346,24793,472306,Shipped,22.10.2023 11:12:29,23.10.2023 12:11:00,,,5
5514,3761,2930,24793,14880,Complete,18.12.2022 20:47:08,20.12.2022 23:15:00,25.12.2022 22:59:00,,5
59821,41103,32568,28992,161213,Complete,09.10.2022 10:59:29,06.10.2022 00:05:00,09.10.2022 09:49:00,,5
82112,56444,44884,9002,221327,Complete,02.11.2020 04:01:27,04.11.2020 15:25:00,09.11.2020 06:01:00,,5
96763,66473,53037,9002,261020,Complete,17.09.2023 15:15:39,17.09.2023 04:15:00,19.09.2023 17:16:00,,5
123574,85056,67803,11016,333426,Complete,16.11.2020 06:26:19,18.11.2020 00:09:00,21.11.2020 04:39:00,,5
130800,90073,71860,9002,352825,Complete,12.09.2023 12:31:12,11.09.2023 01:39:00,14.09.2023 12:16:00,,5
134713,92750,74042,16949,363382,Complete,20.09.2023 02:14:38,20.09.2023 20:39:00,21.09.2023 17:56:00,,5
160954,110988,88498,28992,434132,Complete,30.06.2023 14:34:02,03.07.2023 11:54:00,06.07.2023 05:40:00,,5
180397,124382,99228,11016,486483,Complete,16.07.2022 06:26:01,15.07.2022 03:11:00,18.07.2022 03:18:00,,5
75807,52143,41430,18719,204257,Returned,11.08.2022 15:42:20,12.08.2022 07:49:00,13.08.2022 11:09:00,16.08.2022 01:53:00,5
91588,62898,50137,11016,246940,Returned,28.09.2020 03:36:01,30.09.2020 09:42:00,05.10.2020 00:53:00,06.10.2020 04:51:00,5
31082,21355,16759,11016,83882,Cancelled,25.11.2022 13:44:15,,,,5
121368,83531,66611,28992,327524,Cancelled,15.12.2021 14:45:41,,,,5
17993,12378,9743,16949,48410,Processing,15.01.2021 02:33:25,,,,5
69640,47879,38045,18719,187557,Processing,13.07.2019 05:09:18,,,,5
108730,74806,59674,28992,293350,Processing,03.10.2023 00:04:31,,,,5
109941,75645,60339,24793,296617,Processing,14.09.2023 06:15:53,,,,5
123976,85340,68037,18719,334491,Processing,09.12.2022 17:29:43,,,,5
127368,87723,69968,11016,343638,Processing,03.12.2021 07:46:00,,,,5
132211,91027,72637,11016,356630,Processing,10.08.2023 06:36:17,,,,5
154499,106495,84878,28992,416716,Processing,29.08.2022 17:33:53,,,,5
166257,114649,91437,28992,448426,Processing,16.09.2020 03:59:34,,,,5
14698,10080,7970,9380,39538,Shipped,20.06.2023 03:29:01,20.06.2023 19:58:00,,,"5,5"
47480,32625,25848,9085,128070,Shipped,27.04.2023 15:04:05,24.04.2023 09:13:00,,,"5,5"
47639,32736,25944,6250,128498,Shipped,26.12.2021 06:32:56,22.12.2021 19:12:00,,,"5,5"
170049,117250,93509,9085,458602,Shipped,09.04.2020 03:11:12,09.04.2020 15:53:00,,,"5,5"
176380,121620,97041,9380,475639,Shipped,02.05.2023 16:05:53,04.05.2023 07:38:00,,,"5,5"
179620,123859,98813,6250,484396,Shipped,28.01.2022 08:38:27,29.01.2022 00:51:00,,,"5,5"
181539,125199,99875,9380,489555,Shipped,18.08.2023 23:52:33,17.08.2023 15:26:00,,,"5,5"
97700,67105,53548,9085,263524,Complete,03.04.2023 11:15:26,06.04.2023 04:59:00,06.04.2023 23:22:00,,"5,5"
1555,1032,788,9085,4227,Cancelled,15.12.2022 02:05:29,,,,"5,5"
16246,11147,8790,9085,43734,Cancelled,22.10.2023 22:21:46,,,,"5,5"
12377,8490,6692,6250,33324,Processing,03.07.2023 02:24:59,,,,"5,5"
24287,16702,13155,9085,65495,Processing,19.10.2022 08:10:17,,,,"5,5"
78523,53987,42925,9085,211585,Processing,28.12.2022 07:45:31,,,,"5,5"
102912,70768,56468,6250,277630,Processing,31.07.2022 10:38:47,,,,"5,5"
148824,102509,81799,6250,401389,Processing,15.02.2020 08:13:21,,,,"5,5"
9625,6579,5211,12533,25948,Shipped,28.09.2022 21:52:07,28.09.2022 12:10:00,,,6
10174,6962,5529,15260,27418,Shipped,22.09.2023 21:02:23,24.09.2023 06:24:00,,,6
12128,8330,6568,11029,32656,Shipped,01.11.2022 15:41:39,01.11.2022 22:31:00,,,6
15284,10481,8289,11029,41142,Shipped,12.06.2023 04:51:28,15.06.2023 02:35:00,,,6
15759,10809,8512,15260,42427,Shipped,15.02.2022 23:40:03,17.02.2022 17:48:00,,,6
24316,16723,13173,28785,65571,Shipped,16.07.2022 04:09:42,19.07.2022 03:41:00,,,6
25358,17433,13722,13840,68353,Shipped,30.08.2023 03:23:47,02.09.2023 02:31:00,,,6
27976,19201,15144,12533,75409,Shipped,11.10.2023 05:51:22,13.10.2023 08:15:00,,,6
30744,21121,16583,12539,82958,Shipped,06.01.2023 06:14:35,09.01.2023 03:12:00,,,6
34640,23802,18767,12551,93554,Shipped,10.06.2022 18:11:56,10.06.2022 07:01:00,,,6
37813,26008,20549,15260,102070,Shipped,24.10.2023 18:57:25,24.10.2023 19:37:55,,,6
38662,26591,21052,8987,104383,Shipped,13.10.2021 09:51:02,12.10.2021 22:18:00,,,6
39479,27163,21507,13601,106549,Shipped,23.06.2020 00:29:55,25.06.2020 16:57:00,,,6
41747,28697,22732,5955,112639,Shipped,16.09.2023 16:58:46,16.09.2023 07:10:00,,,6
42029,28882,22879,24856,113415,Shipped,07.10.2023 05:59:30,09.10.2023 18:51:00,,,6
50812,34881,27641,12539,137037,Shipped,07.09.2022 04:26:00,09.09.2022 07:04:00,,,6
52574,36107,28576,24856,141792,Shipped,01.09.2023 17:25:02,04.09.2023 15:48:00,,,6
56220,38631,30594,12572,151558,Shipped,28.10.2021 01:04:45,30.10.2021 10:45:00,,,6
65616,45092,35757,12533,176713,Shipped,20.08.2023 09:52:54,16.08.2023 16:35:00,,,6
66360,45627,36192,5955,178675,Shipped,06.01.2023 01:21:12,07.01.2023 11:57:00,,,6
101789,69977,55864,15878,274599,Shipped,17.01.2023 04:02:46,13.01.2023 18:32:00,,,6
102086,70197,56033,13973,275398,Shipped,15.10.2023 00:43:00,15.10.2023 21:18:00,,,6
107903,74235,59215,12539,291127,Shipped,10.02.2022 09:28:57,08.02.2022 09:15:00,,,6
109398,75272,60053,9303,295137,Shipped,20.08.2023 04:24:30,22.08.2023 04:11:00,,,6
120607,83005,66195,12539,325457,Shipped,16.12.2021 13:02:03,16.12.2021 15:42:00,,,6
122954,84625,67486,15667,331758,Shipped,21.10.2023 22:26:44,20.10.2023 18:57:30,,,6
124628,85800,68405,13616,336270,Shipped,14.09.2023 09:16:12,17.09.2023 04:49:00,,,6
139662,96155,76743,12551,376671,Shipped,26.07.2023 04:46:43,26.07.2023 21:33:00,,,6
145913,100520,80170,12551,393487,Shipped,29.06.2022 07:45:36,30.06.2022 01:54:00,,,6
148329,102167,81510,9303,400032,Shipped,17.04.2023 23:38:12,18.04.2023 03:03:00,,,6
151965,104711,83503,13616,409902,Shipped,17.11.2022 11:03:18,19.11.2022 22:31:00,,,6
153963,106116,84598,13601,415282,Shipped,14.04.2023 00:36:17,15.04.2023 06:20:00,,,6
154786,106689,85042,13616,417487,Shipped,01.09.2022 11:36:41,03.09.2022 12:47:00,,,6
166135,114560,91370,12551,448103,Shipped,13.10.2023 10:27:42,15.10.2023 18:17:00,,,6
175095,120760,96322,13973,472181,Shipped,19.10.2021 12:26:42,22.10.2021 11:02:00,,,6
175550,121069,96589,8987,473412,Shipped,21.01.2022 18:28:25,21.01.2022 18:53:00,,,6
178619,123163,98275,12702,481694,Shipped,21.10.2023 13:44:32,24.10.2023 09:57:00,,,6
178895,123349,98405,5955,482438,Shipped,04.05.2023 13:08:10,06.05.2023 15:41:00,,,6
11630,8004,6317,12533,31328,Complete,11.02.2022 05:36:00,12.02.2022 06:34:00,14.02.2022 20:11:00,,6
29379,20182,15858,24856,79234,Complete,02.12.2022 02:55:34,04.12.2022 04:48:00,08.12.2022 03:25:00,,6
50187,34461,27331,12572,135358,Complete,27.05.2023 00:33:28,25.05.2023 06:53:00,25.05.2023 08:04:00,,6
51556,35391,28015,9303,139056,Complete,15.08.2020 15:55:39,16.08.2020 06:32:00,20.08.2020 18:25:00,,6
56034,38502,30493,15667,151068,Complete,15.06.2023 10:55:25,17.06.2023 05:52:00,20.06.2023 18:16:00,,6
62580,43014,34111,5955,168566,Complete,29.08.2023 01:14:25,31.08.2023 10:11:00,03.09.2023 05:07:00,,6
83857,57643,45850,13840,226025,Complete,09.12.2021 06:00:01,10.12.2021 07:56:00,14.12.2021 08:35:00,,6
92294,63375,50537,13973,248860,Complete,02.07.2023 03:22:47,30.06.2023 20:53:00,02.07.2023 21:36:00,,6
103741,71330,56920,5955,279875,Complete,15.12.2022 03:09:56,12.12.2022 05:09:00,13.12.2022 23:53:00,,6
108361,74559,59475,13616,292376,Complete,20.01.2023 03:21:57,21.01.2023 17:21:00,26.01.2023 00:08:00,,6
110744,76199,60773,15878,298783,Complete,17.11.2022 02:11:49,19.11.2022 01:28:00,22.11.2022 02:53:00,,6
120612,83010,66199,13601,325470,Complete,17.01.2023 16:19:29,18.01.2023 17:09:00,23.01.2023 10:41:00,,6
124844,85946,68520,12551,336838,Complete,13.07.2021 03:22:49,15.07.2021 03:29:00,17.07.2021 15:02:00,,6
152771,105276,83944,11029,412074,Complete,16.08.2023 07:38:29,17.08.2023 04:54:00,18.08.2023 11:16:00,,6
156801,108088,86174,11029,422878,Complete,10.03.2020 04:14:34,07.03.2020 19:16:00,08.03.2020 17:27:00,,6
167133,115244,91903,12702,450771,Complete,22.05.2021 09:46:11,22.05.2021 15:20:00,23.05.2021 13:28:00,,6
169652,116973,93281,12551,457537,Complete,15.07.2023 17:04:42,17.07.2023 03:20:00,18.07.2023 14:34:00,,6
180245,124281,99147,24856,486075,Complete,21.01.2023 22:35:22,20.01.2023 04:08:00,23.01.2023 21:25:00,,6
13791,9462,7495,9303,37158,Returned,16.01.2023 11:55:59,17.01.2023 01:35:00,17.01.2023 08:57:00,19.01.2023 03:56:00,6
43235,29712,23526,8987,116662,Returned,23.03.2023 23:16:01,26.03.2023 06:06:00,29.03.2023 05:51:00,30.03.2023 08:51:00,6
46631,32062,25402,9303,125765,Returned,22.08.2021 05:18:09,23.08.2021 22:18:00,28.08.2021 00:43:00,28.08.2021 19:08:00,6
121218,83419,66531,12533,327103,Returned,15.08.2023 00:42:30,12.08.2023 04:09:00,14.08.2023 18:53:00,17.08.2023 13:56:00,6
140633,96822,77231,28785,379257,Returned,09.07.2021 22:00:14,12.07.2021 12:13:00,16.07.2021 12:27:00,18.07.2021 18:49:00,6
143541,98821,78808,15878,387073,Returned,13.12.2022 09:24:03,13.12.2022 21:50:00,14.12.2022 04:59:00,15.12.2022 11:28:00,6
171809,118477,94477,24856,463341,Returned,23.05.2020 10:55:46,24.05.2020 02:44:00,28.05.2020 17:52:00,31.05.2020 15:58:00,6
28368,19480,15344,12702,76460,Cancelled,10.02.2019 12:14:02,,,,6
28913,19848,15584,8987,77963,Cancelled,21.06.2021 10:35:17,,,,6
29826,20484,16088,9414,80472,Cancelled,02.09.2023 09:11:54,,,,6
65129,44755,35491,24856,175378,Cancelled,22.04.2022 04:16:42,,,,6
72328,49742,39519,12551,194874,Cancelled,02.05.2022 22:20:44,,,,6
86261,59260,47123,9303,232475,Cancelled,06.01.2022 16:02:27,,,,6
96527,66301,52885,13601,260393,Cancelled,09.03.2023 06:56:36,,,,6
129069,88860,70879,12572,348212,Cancelled,08.03.2023 08:53:03,,,,6
129288,89006,70994,9414,348790,Cancelled,10.09.2022 22:30:17,,,,6
130174,89633,71493,13616,351141,Cancelled,24.10.2023 02:46:12,,,,6
135089,92998,74242,13601,364404,Cancelled,17.10.2023 14:02:12,,,,6
135677,93402,74556,9303,365960,Cancelled,15.08.2023 14:35:43,,,,6
140574,96778,77200,13973,379104,Cancelled,27.08.2023 03:18:00,,,,6
153100,105521,84121,5955,412971,Cancelled,11.02.2023 14:59:00,,,,6
162831,112281,89506,13840,439204,Cancelled,16.08.2022 13:48:05,,,,6
175497,121031,96553,9414,473267,Cancelled,04.04.2023 03:16:37,,,,6
870,587,451,15667,2380,Processing,29.01.2023 22:58:06,,,,6
3513,2347,1800,11029,9480,Processing,09.10.2022 23:56:15,,,,6
4723,3202,2479,28785,12749,Processing,21.10.2021 09:27:07,,,,6
6890,4694,3694,24856,18571,Processing,23.07.2022 07:31:13,,,,6
14476,9931,7856,13616,38950,Processing,14.10.2021 01:48:05,,,,6
41876,28781,22807,11029,112986,Processing,04.07.2023 21:43:39,,,,6
59811,41097,32565,13601,161185,Processing,01.10.2023 12:35:16,,,,6
63577,43686,34640,12539,171289,Processing,12.03.2022 15:25:53,,,,6
82396,56630,45045,12702,222083,Processing,26.09.2023 03:17:15,,,,6
98519,67690,54032,24856,265725,Processing,06.11.2022 14:18:40,,,,6
101852,70026,55901,12539,274764,Processing,31.03.2021 00:35:12,,,,6
112047,77084,61494,8987,302289,Processing,15.06.2021 10:16:22,,,,6
121882,83879,66889,13616,328886,Processing,05.11.2019 13:58:51,,,,6
122897,84584,67449,13601,331606,Processing,10.04.2023 13:24:56,,,,6
124767,85894,68474,9303,336636,Processing,15.09.2022 22:10:15,,,,6
125375,86329,68847,15667,338229,Processing,07.03.2023 20:46:22,,,,6
137074,94384,75358,12533,369718,Processing,23.04.2021 03:03:35,,,,6
146198,100713,80329,9303,394252,Processing,02.08.2023 22:32:35,,,,6
147413,101558,81013,15667,397552,Processing,15.07.2023 02:59:42,,,,6
150383,103630,82681,15667,405591,Processing,05.08.2021 01:39:21,,,,6
153551,105825,84357,13601,414179,Processing,24.05.2023 05:05:56,,,,6
155805,107401,85621,13601,420210,Processing,01.06.2022 03:09:52,,,,6
159870,110215,87873,13973,431143,Processing,03.10.2023 07:37:30,,,,6
169526,116883,93200,13973,457201,Processing,20.10.2020 23:43:18,,,,6
347,239,189,13842,948,Shipped,16.04.2022 15:10:35,15.04.2022 01:38:00,,,"6,25"
6234,4253,3331,13842,16805,Shipped,16.09.2022 06:59:27,13.09.2022 06:53:00,,,"6,25"
170943,117852,93992,15674,461003,Shipped,21.12.2020 04:40:35,19.12.2020 11:45:00,,,"6,25"
16487,11315,8933,28714,44351,Complete,24.08.2023 01:29:46,26.08.2023 09:16:00,28.08.2023 06:42:00,,"6,25"
67019,46088,36560,13842,180480,Complete,10.07.2020 03:44:02,10.07.2020 17:05:00,15.07.2020 13:46:00,,"6,25"
164622,113511,90514,28714,443982,Complete,23.12.2021 17:18:05,25.12.2021 07:03:00,27.12.2021 09:37:00,,"6,25"
180205,124253,99128,13842,485967,Complete,25.09.2022 09:57:52,24.09.2022 18:48:00,27.09.2022 15:01:00,,"6,25"
67479,46393,36820,13842,181695,Returned,28.05.2023 00:49:47,27.05.2023 14:53:00,28.05.2023 05:45:00,31.05.2023 03:01:00,"6,25"
178764,123254,98336,28714,482095,Returned,22.10.2023 09:30:44,21.10.2023 16:52:00,25.10.2023 20:50:00,26.10.2023 05:16:00,"6,25"
8151,5560,4408,13842,21978,Cancelled,22.09.2023 05:28:01,,,,"6,25"
83838,57630,45840,13842,225975,Cancelled,23.06.2021 11:19:19,,,,"6,25"
152053,104776,83553,28714,410139,Cancelled,25.10.2022 00:48:55,,,,"6,25"
159742,110122,87795,28714,430799,Cancelled,11.12.2021 17:00:09,,,,"6,25"
161553,111392,88804,15674,435760,Cancelled,18.06.2023 14:30:41,,,,"6,25"
165771,114314,91163,15674,447087,Cancelled,21.08.2023 00:54:21,,,,"6,25"
479,330,256,15674,1312,Processing,16.08.2021 11:08:43,,,,"6,25"
1210,806,629,9051,3287,Shipped,26.02.2023 01:36:06,28.02.2023 16:26:00,,,"6,5"
5072,3456,2680,6243,13686,Shipped,06.02.2021 06:47:48,08.02.2021 19:54:00,,,"6,5"
7439,5075,4011,9201,20057,Shipped,24.11.2022 22:46:55,23.11.2022 06:00:00,,,"6,5"
10928,7496,5926,9430,29430,Shipped,12.10.2022 12:32:14,12.10.2022 13:03:00,,,"6,5"
11532,7933,6263,9201,31064,Shipped,20.03.2023 13:13:21,21.03.2023 05:11:00,,,"6,5"
12526,8588,6773,24572,33735,Shipped,03.10.2023 01:11:58,02.10.2023 23:32:00,,,"6,5"
16590,11388,8986,24572,44624,Shipped,13.06.2023 03:25:03,10.06.2023 04:47:00,,,"6,5"
16727,11478,9058,9299,44998,Shipped,02.11.2021 15:54:49,03.11.2021 11:32:00,,,"6,5"
20918,14373,11296,28790,56329,Shipped,01.10.2023 23:46:09,02.10.2023 04:52:00,,,"6,5"
21642,14858,11677,18229,58309,Shipped,24.07.2022 05:20:26,23.07.2022 21:11:00,,,"6,5"
21901,15036,11817,9407,59008,Shipped,25.06.2022 09:37:31,26.06.2022 23:37:00,,,"6,5"
27842,19108,15075,18229,75040,Shipped,30.05.2023 10:23:33,02.06.2023 05:39:00,,,"6,5"
28763,19743,15519,9464,77550,Shipped,07.04.2023 09:39:39,07.04.2023 19:28:00,,,"6,5"
34701,23844,18799,9347,93720,Shipped,10.02.2022 10:55:10,11.02.2022 16:50:00,,,"6,5"
45645,31375,24873,9299,123108,Shipped,29.09.2020 12:36:21,28.09.2020 04:42:00,,,"6,5"
49357,33891,26892,24572,133112,Shipped,27.05.2023 08:05:15,28.05.2023 07:45:00,,,"6,5"
51583,35408,28026,9254,139128,Shipped,23.07.2021 07:34:05,26.07.2021 01:13:00,,,"6,5"
53752,36942,29251,28790,144917,Shipped,14.12.2021 08:08:49,11.12.2021 06:20:00,,,"6,5"
69131,47527,37765,9299,186180,Shipped,15.11.2021 01:11:39,17.11.2021 01:07:00,,,"6,5"
71354,49048,38985,28790,192192,Shipped,27.08.2023 16:12:09,25.08.2023 14:46:00,,,"6,5"
85949,59043,46948,9161,231637,Shipped,29.06.2023 00:46:46,01.07.2023 02:36:00,,,"6,5"
86901,59715,47502,9407,234204,Shipped,15.07.2023 12:21:03,14.07.2023 00:59:00,,,"6,5"
102725,70645,56367,9299,277122,Shipped,28.12.2022 05:02:34,30.12.2022 16:35:00,,,"6,5"
104454,71825,57303,9051,281799,Shipped,05.10.2022 00:16:58,03.10.2022 18:29:00,,,"6,5"
110411,75977,60600,9464,297900,Shipped,18.05.2023 14:41:13,20.05.2023 06:54:00,,,"6,5"
113020,77778,62013,9254,304895,Shipped,29.12.2022 09:17:37,30.12.2022 08:50:00,,,"6,5"
116027,79866,63684,9254,313032,Shipped,02.10.2023 05:34:21,02.10.2023 10:54:00,,,"6,5"
117954,81199,64729,9201,318244,Shipped,21.09.2023 01:48:46,22.09.2023 20:36:00,,,"6,5"
126545,87158,69520,9161,341393,Shipped,25.11.2019 02:26:30,26.11.2019 11:06:00,,,"6,5"
134567,92647,73951,9294,362994,Shipped,25.07.2023 09:32:33,26.07.2023 15:41:00,,,"6,5"
135061,92981,74224,28790,364331,Shipped,25.09.2022 23:59:57,27.09.2022 01:40:00,,,"6,5"
135945,93583,74691,24954,366681,Shipped,22.03.2023 13:41:21,22.03.2023 10:18:00,,,"6,5"
139716,96192,76769,28790,376808,Shipped,19.07.2021 16:15:30,20.07.2021 06:36:00,,,"6,5"
140173,96500,76982,9299,378049,Shipped,19.06.2020 05:45:56,21.06.2020 04:33:00,,,"6,5"
145030,99887,79650,9407,391095,Shipped,29.04.2023 13:20:15,01.05.2023 11:54:00,,,"6,5"
176539,121736,97136,24572,476068,Shipped,31.12.2022 11:15:53,31.12.2022 10:16:00,,,"6,5"
179266,123616,98610,24954,483441,Shipped,27.01.2023 08:27:14,29.01.2023 00:42:00,,,"6,5"
5919,4032,3152,9430,15976,Complete,24.10.2023 02:21:02,24.10.2023 06:17:05,29.10.2023 04:57:05,,"6,5"
7289,4971,3927,9347,19645,Complete,24.10.2023 12:11:38,22.10.2023 00:20:00,25.10.2023 13:07:00,,"6,5"
7731,5267,4159,9299,20835,Complete,26.07.2023 12:01:48,27.07.2023 05:06:00,29.07.2023 11:50:00,,"6,5"
9880,6761,5357,28790,26629,Complete,10.07.2021 12:13:50,11.07.2021 15:27:00,13.07.2021 11:06:00,,"6,5"
28766,19746,15521,24572,77558,Complete,03.02.2023 03:42:27,04.02.2023 16:13:00,08.02.2023 05:51:00,,"6,5"
39335,27065,21434,28790,106167,Complete,12.06.2022 07:57:55,10.06.2022 16:29:00,11.06.2022 01:27:00,,"6,5"
43129,29639,23473,9299,116371,Complete,04.08.2023 08:58:03,01.08.2023 10:12:00,04.08.2023 16:12:00,,"6,5"
58725,40345,31962,9201,158252,Complete,16.05.2020 13:55:07,16.05.2020 00:54:00,20.05.2020 01:29:00,,"6,5"
74532,51288,40755,6243,200831,Complete,06.02.2021 01:25:28,09.02.2021 01:32:00,11.02.2021 08:10:00,,"6,5"
75480,51923,41248,9240,203388,Complete,05.05.2023 23:55:32,06.05.2023 14:45:00,07.05.2023 08:34:00,,"6,5"
78622,54054,42982,9464,211843,Complete,07.04.2023 08:41:34,07.04.2023 08:43:00,11.04.2023 20:02:00,,"6,5"
80182,55130,43825,9201,216109,Complete,19.04.2022 13:32:19,20.04.2022 02:01:00,23.04.2022 04:30:00,,"6,5"
92150,63272,50454,24572,248462,Complete,13.01.2023 05:51:21,14.01.2023 09:32:00,18.01.2023 01:36:00,,"6,5"
103863,71414,56992,9464,280184,Complete,08.10.2021 15:30:28,07.10.2021 06:56:00,07.10.2021 14:15:00,,"6,5"
106940,73560,58688,9299,288521,Complete,19.01.2021 13:32:28,21.01.2021 07:17:00,25.01.2021 14:29:00,,"6,5"
107033,73628,58744,9407,288787,Complete,11.04.2020 10:59:30,12.04.2020 12:21:00,15.04.2020 20:19:00,,"6,5"
121045,83303,66433,9161,326635,Complete,15.10.2023 18:12:52,14.10.2023 05:43:00,16.10.2023 11:17:00,,"6,5"
156993,108228,86292,6243,423394,Complete,16.10.2023 01:05:01,17.10.2023 01:18:00,18.10.2023 06:27:00,,"6,5"
163374,112651,89802,9464,440662,Complete,07.06.2023 03:37:42,08.06.2023 12:05:00,11.06.2023 23:36:00,,"6,5"
167241,115317,91964,9161,451064,Complete,13.08.2023 08:20:41,10.08.2023 20:14:00,12.08.2023 18:02:00,,"6,5"
32666,22422,17657,9161,88199,Returned,08.08.2023 10:51:47,10.08.2023 00:06:00,10.08.2023 03:35:00,12.08.2023 18:46:00,"6,5"
35203,24186,19061,9430,95065,Returned,02.08.2023 06:42:45,05.08.2023 06:43:00,07.08.2023 07:41:00,08.08.2023 18:17:00,"6,5"
40178,27652,21906,9299,108439,Returned,27.07.2021 13:29:45,23.07.2021 23:39:00,24.07.2021 08:48:00,24.07.2021 22:01:00,"6,5"
64668,44444,35234,9299,174181,Returned,19.12.2022 02:41:36,15.12.2022 18:08:00,17.12.2022 08:16:00,20.12.2022 06:05:00,"6,5"
75408,51875,41206,9464,203189,Returned,24.09.2022 15:47:04,25.09.2022 08:32:00,26.09.2022 06:02:00,29.09.2022 05:40:00,"6,5"
81427,55976,44497,9254,219487,Returned,26.08.2022 04:26:34,27.08.2022 19:15:00,28.08.2022 05:39:00,30.08.2022 13:03:00,"6,5"
91662,62949,50176,6243,247140,Returned,10.08.2022 21:38:09,11.08.2022 08:01:00,14.08.2022 08:19:00,16.08.2022 05:52:00,"6,5"
122552,84346,67265,28790,330688,Returned,30.04.2023 16:12:20,02.05.2023 19:14:00,05.05.2023 23:11:00,06.05.2023 23:32:00,"6,5"
137400,94596,75518,24572,370596,Returned,19.05.2022 03:39:05,21.05.2022 21:38:00,25.05.2022 22:57:00,27.05.2022 22:29:00,"6,5"
152859,105340,83987,9407,412316,Returned,13.07.2021 00:19:39,13.07.2021 06:15:00,15.07.2021 01:46:00,16.07.2021 06:04:00,"6,5"
167690,115632,92219,24954,452270,Returned,16.08.2021 03:28:08,16.08.2021 01:39:00,17.08.2021 21:41:00,18.08.2021 18:52:00,"6,5"
3168,2110,1615,24572,8546,Cancelled,08.02.2023 07:13:19,,,,"6,5"
10454,7160,5662,24572,28164,Cancelled,04.03.2023 02:38:01,,,,"6,5"
11634,8007,6318,9430,31338,Cancelled,21.10.2023 01:18:53,,,,"6,5"
59137,40625,32198,9201,159346,Cancelled,25.03.2022 06:28:03,,,,"6,5"
65417,44957,35655,9254,176149,Cancelled,21.08.2020 23:50:41,,,,"6,5"
104611,71925,57378,9254,282222,Cancelled,28.01.2023 16:03:46,,,,"6,5"
121543,83655,66707,24954,327988,Cancelled,13.03.2022 13:41:37,,,,"6,5"
122138,84052,67023,9254,329575,Cancelled,28.02.2020 01:50:36,,,,"6,5"
131627,90615,72302,9407,355044,Cancelled,07.12.2019 07:23:04,,,,"6,5"
144079,99208,79105,6243,388525,Cancelled,03.05.2023 01:28:32,,,,"6,5"
148149,102052,81419,6243,399561,Cancelled,02.04.2022 05:25:07,,,,"6,5"
149024,102650,81913,18229,401936,Cancelled,25.08.2021 10:21:54,,,,"6,5"
152245,104909,83657,9430,410661,Cancelled,18.10.2023 10:34:11,,,,"6,5"
155015,106846,85175,9464,418108,Cancelled,25.05.2022 12:37:05,,,,"6,5"
160485,110654,88237,9464,432834,Cancelled,09.01.2020 12:02:39,,,,"6,5"
180256,124287,99155,9464,486106,Cancelled,02.08.2022 04:54:13,,,,"6,5"
549,379,291,9201,1495,Processing,09.11.2022 15:12:23,,,,"6,5"
21460,14739,11580,6243,57810,Processing,28.09.2023 01:29:02,,,,"6,5"
27436,18834,14847,18229,73950,Processing,16.08.2023 05:40:09,,,,"6,5"
38911,26757,21185,24572,105010,Processing,16.09.2022 15:10:44,,,,"6,5"
49845,34230,27149,9347,134428,Processing,03.08.2022 23:54:54,,,,"6,5"
50367,34589,27422,9051,135837,Processing,29.09.2019 04:54:51,,,,"6,5"
67162,46183,36632,9407,180858,Processing,22.03.2022 14:36:18,,,,"6,5"
121238,83434,66544,9201,327162,Processing,31.05.2023 06:43:57,,,,"6,5"
122490,84301,67236,9051,330525,Processing,20.10.2023 07:37:40,,,,"6,5"
125357,86314,68837,9347,338180,Processing,11.09.2023 03:52:10,,,,"6,5"
144750,99692,79498,9161,390340,Processing,10.06.2023 13:20:58,,,,"6,5"
151299,104272,83165,9407,408077,Processing,04.09.2022 01:19:56,,,,"6,5"
174149,120112,95808,9464,469629,Processing,26.09.2023 11:56:13,,,,"6,5"
175140,120787,96344,28790,472294,Processing,29.12.2022 05:32:23,,,,"6,5"
22040,15134,11890,28595,59389,Shipped,31.07.2022 09:52:05,03.08.2022 00:28:00,,,"6,75"
28534,19598,15414,28595,76906,Shipped,26.02.2020 17:01:49,28.02.2020 16:26:00,,,"6,75"
79721,54815,43578,11009,214852,Shipped,03.06.2023 03:17:51,03.06.2023 06:36:00,,,"6,75"
126294,86987,69381,28595,340708,Shipped,03.06.2019 01:28:13,04.06.2019 21:46:00,,,"6,75"
128050,88172,70332,11009,345481,Shipped,10.11.2022 01:28:10,10.11.2022 20:42:00,,,"6,75"
164415,113367,90393,28595,443433,Shipped,10.09.2020 12:38:12,12.09.2020 20:20:00,,,"6,75"
172025,118630,94605,28595,463916,Shipped,04.11.2022 14:13:15,04.11.2022 01:16:00,,,"6,75"
176561,121750,97147,28595,476128,Shipped,23.06.2023 00:07:32,24.06.2023 11:36:00,,,"6,75"
143087,98510,78557,28595,385855,Complete,10.04.2023 22:01:34,13.04.2023 19:11:00,15.04.2023 15:20:00,,"6,75"
59957,41195,32644,11009,161581,Returned,03.11.2022 12:31:07,31.10.2022 22:53:00,05.11.2022 06:25:00,07.11.2022 15:06:00,"6,75"
76202,52429,41669,11009,205293,Returned,22.04.2023 02:46:41,24.04.2023 21:26:00,28.04.2023 08:00:00,29.04.2023 23:05:00,"6,75"
79150,54422,43268,28595,213295,Returned,20.06.2020 02:41:34,21.06.2020 09:59:00,25.06.2020 17:42:00,26.06.2020 05:07:00,"6,75"
171881,118532,94519,28595,463530,Returned,13.08.2023 15:07:14,12.08.2023 00:26:00,13.08.2023 14:30:00,14.08.2023 17:17:00,"6,75"
38677,26600,21058,28595,104425,Cancelled,23.06.2023 08:11:11,,,,"6,75"
95925,65885,52540,28595,258777,Cancelled,23.10.2023 23:47:28,,,,"6,75"
96806,66501,53059,28595,261135,Cancelled,25.07.2023 03:30:29,,,,"6,75"
10782,7399,5842,28595,29054,Processing,03.01.2023 16:09:47,,,,"6,75"
28290,19426,15307,28595,76251,Processing,07.03.2022 23:56:44,,,,"6,75"
38184,26260,20761,28595,103086,Processing,03.03.2020 07:40:27,,,,"6,75"
132124,90964,72590,28595,356383,Processing,22.05.2022 21:38:49,,,,"6,75"
3032,2014,1545,11783,8176,Shipped,14.03.2021 02:54:31,16.03.2021 12:21:00,,,7
5091,3468,2689,15622,13738,Shipped,02.09.2022 22:58:42,04.09.2022 23:35:00,,,7
12717,8716,6886,25558,34263,Shipped,18.06.2023 04:22:33,19.06.2023 20:14:00,,,7
22353,15344,12064,11834,60224,Shipped,09.06.2021 11:37:03,09.06.2021 18:33:00,,,7
24282,16700,13155,12554,65480,Shipped,23.03.2023 06:39:41,25.03.2023 22:04:00,,,7
29647,20365,16000,11783,79975,Shipped,12.06.2023 13:05:13,15.06.2023 03:50:00,,,7
34928,23998,18927,15402,94318,Shipped,07.09.2021 20:43:13,10.09.2021 20:18:00,,,7
52672,36177,28631,12690,142054,Shipped,08.03.2021 23:08:49,07.03.2021 05:49:00,,,7
53423,36707,29055,25558,144045,Shipped,29.05.2022 14:49:32,31.05.2022 09:36:00,,,7
53852,37012,29307,12567,145195,Shipped,20.06.2023 10:03:42,22.06.2023 03:47:00,,,7
72177,49630,39442,11782,194466,Shipped,07.10.2023 09:25:10,06.10.2023 12:57:00,,,7
72273,49701,39489,8935,194725,Shipped,15.10.2023 14:41:51,17.10.2023 01:25:00,,,7
72361,49768,39546,25558,194958,Shipped,28.07.2020 08:20:51,30.07.2020 10:10:00,,,7
76204,52430,41669,12554,205301,Shipped,17.12.2022 01:59:44,17.12.2022 10:53:00,,,7
76381,52553,41752,13969,205783,Shipped,11.08.2021 14:32:26,07.08.2021 18:16:00,,,7
76599,52694,41867,12665,206381,Shipped,21.05.2022 20:52:53,20.05.2022 13:55:00,,,7
79139,54413,43260,24905,213265,Shipped,24.08.2020 13:28:24,27.08.2020 05:48:00,,,7
80092,55070,43775,15547,215864,Shipped,10.10.2023 22:59:26,11.10.2023 19:58:00,,,7
94863,65158,51982,15863,255896,Shipped,12.12.2021 11:35:09,14.12.2021 19:27:00,,,7
95008,65259,52066,25558,256283,Shipped,26.10.2022 03:39:03,27.10.2022 03:43:00,,,7
101329,69646,55593,13969,273359,Shipped,05.08.2023 05:55:28,07.08.2023 03:38:00,,,7
109631,75424,60181,25558,295765,Shipped,20.01.2023 07:07:45,23.01.2023 01:58:00,,,7
113231,77934,62128,12690,305479,Shipped,21.10.2023 00:44:16,21.10.2023 19:15:00,,,7
114072,78510,62603,11783,307742,Shipped,28.09.2023 04:05:12,29.09.2023 10:13:00,,,7
133295,91784,73256,11782,359587,Shipped,12.01.2020 11:30:17,12.01.2020 20:50:00,,,7
136866,94240,75246,11834,369148,Shipped,06.06.2023 13:21:15,08.06.2023 15:16:00,,,7
160791,110865,88399,13810,433701,Shipped,22.10.2023 00:37:05,23.10.2023 19:20:02,,,7
168223,116011,92509,28848,453704,Shipped,24.01.2020 09:01:01,23.01.2020 22:21:00,,,7
169494,116862,93181,12690,457109,Shipped,12.06.2023 12:35:16,08.06.2023 19:34:00,,,7
11491,7904,6244,15863,30951,Complete,05.01.2023 00:22:21,05.01.2023 15:28:00,05.01.2023 15:46:00,,7
18576,12783,10062,15402,50038,Complete,12.12.2022 15:09:07,13.12.2022 23:26:00,17.12.2022 20:30:00,,7
24932,17128,13479,12567,67214,Complete,26.12.2022 02:43:04,25.12.2022 04:02:00,26.12.2022 06:06:00,,7
25683,17654,13907,13969,69216,Complete,20.06.2022 01:18:35,23.06.2022 00:52:00,24.06.2022 04:25:00,,7
26632,18275,14395,12690,71794,Complete,09.10.2021 22:09:17,08.10.2021 13:56:00,08.10.2021 21:12:00,,7
43994,30235,23926,8935,118723,Complete,24.04.2023 02:22:28,25.04.2023 03:12:00,28.04.2023 06:54:00,,7
46222,31780,25194,15547,124651,Complete,29.08.2021 03:15:18,27.08.2021 12:13:00,31.08.2021 11:41:00,,7
46530,32000,25361,24905,125481,Complete,11.06.2023 04:39:56,08.06.2023 08:36:00,09.06.2023 04:53:00,,7
47232,32468,25725,12690,127401,Complete,17.03.2021 09:35:46,18.03.2021 11:45:00,21.03.2021 03:55:00,,7
49149,33746,26754,15402,132556,Complete,26.09.2022 09:23:26,24.09.2022 10:38:00,25.09.2022 17:29:00,,7
60439,41540,32914,28848,162881,Complete,28.12.2022 05:54:57,29.12.2022 14:47:00,02.01.2023 18:59:00,,7
67163,46184,36633,15547,180860,Complete,01.08.2020 04:52:18,03.08.2020 18:52:00,04.08.2020 13:00:00,,7
67267,46253,36704,13969,181136,Complete,18.07.2023 23:33:14,19.07.2023 20:10:00,22.07.2023 23:39:00,,7
70858,48713,38706,11783,190859,Complete,20.03.2023 05:22:12,22.03.2023 13:59:00,27.03.2023 02:56:00,,7
73671,50685,40287,28848,198479,Complete,20.08.2023 09:32:53,22.08.2023 20:43:00,26.08.2023 13:13:00,,7
81476,56006,44520,13969,219625,Complete,29.11.2022 00:03:58,28.11.2022 06:09:00,01.12.2022 12:53:00,,7
87097,59839,47610,24905,234732,Complete,25.10.2023 11:41:02,25.10.2023 02:31:34,29.10.2023 07:45:34,,7
91927,63127,50343,12690,247861,Complete,13.06.2021 22:46:52,11.06.2021 20:16:00,14.06.2021 19:19:00,,7
97149,66733,53246,25558,262046,Complete,29.09.2023 07:06:26,29.09.2023 08:30:00,30.09.2023 20:40:00,,7
104139,71613,57140,13969,280927,Complete,01.06.2020 08:51:50,04.06.2020 00:00:00,05.06.2020 21:59:00,,7
109530,75351,60121,24905,295496,Complete,03.01.2021 16:00:19,05.01.2021 02:45:00,06.01.2021 11:21:00,,7
109628,75423,60180,24905,295757,Complete,05.08.2023 15:24:28,07.08.2023 04:09:00,10.08.2023 20:44:00,,7
121186,83401,66515,15622,327019,Complete,18.08.2021 09:08:21,20.08.2021 09:32:00,22.08.2021 07:45:00,,7
124632,85804,68410,11782,336280,Complete,22.09.2023 05:36:23,23.09.2023 21:50:00,24.09.2023 02:27:00,,7
130801,90073,71860,13969,352827,Complete,12.09.2023 11:17:02,11.09.2023 01:39:00,14.09.2023 12:16:00,,7
134339,92492,73829,25558,362389,Complete,30.07.2022 03:38:51,30.07.2022 00:42:00,30.07.2022 14:40:00,,7
152188,104866,83619,25558,410505,Complete,29.05.2021 09:35:09,30.05.2021 14:35:00,01.06.2021 16:34:00,,7
160740,110832,88365,13810,433551,Complete,22.04.2023 18:15:19,24.04.2023 06:06:00,27.04.2023 20:03:00,,7
162693,112180,89429,11834,438831,Complete,05.04.2020 12:42:44,05.04.2020 23:41:00,09.04.2020 12:26:00,,7
165585,114180,91049,8935,446579,Complete,26.10.2022 07:02:10,27.10.2022 01:30:00,30.10.2022 13:48:00,,7
173818,119882,95613,24905,468715,Complete,29.11.2022 06:59:06,26.11.2022 18:15:00,27.11.2022 04:35:00,,7
16851,11569,9126,8892,45321,Returned,09.11.2022 15:20:51,07.11.2022 23:37:00,10.11.2022 04:20:00,11.11.2022 02:32:00,7
17724,12195,9578,12665,47660,Returned,07.08.2021 12:02:24,09.08.2021 02:17:00,10.08.2021 13:06:00,13.08.2021 06:38:00,7
81262,55854,44400,25558,219041,Returned,18.11.2022 13:24:39,20.11.2022 11:39:00,23.11.2022 11:24:00,25.11.2022 02:54:00,7
84540,58106,46212,12537,227832,Returned,29.01.2021 08:30:53,26.01.2021 15:44:00,27.01.2021 13:22:00,29.01.2021 12:58:00,7
86833,59671,47460,11782,234017,Returned,08.06.2021 12:03:41,10.06.2021 18:19:00,14.06.2021 03:57:00,15.06.2021 08:01:00,7
90037,61847,49229,15402,242731,Returned,06.05.2021 22:51:43,08.05.2021 01:19:00,11.05.2021 04:25:00,13.05.2021 16:40:00,7
94703,65046,51901,8935,255447,Returned,12.07.2020 11:34:49,15.07.2020 04:37:00,18.07.2020 11:37:00,18.07.2020 16:47:00,7
113164,77888,62096,11783,305300,Returned,22.05.2020 13:10:13,22.05.2020 23:15:00,27.05.2020 11:37:00,28.05.2020 01:05:00,7
120895,83195,66341,12567,326227,Returned,23.10.2023 11:10:28,22.10.2023 18:32:00,23.10.2023 06:29:00,24.10.2023 19:49:00,7
126041,86808,69218,8935,340022,Returned,22.10.2023 05:30:00,22.10.2023 12:20:00,26.10.2023 08:15:00,28.10.2023 00:02:00,7
154568,106548,84923,25558,416908,Returned,04.10.2021 12:04:40,07.10.2021 12:14:00,10.10.2021 14:02:00,10.10.2021 22:44:00,7
163635,112838,89953,12567,441369,Returned,22.10.2023 13:37:23,24.10.2023 20:39:49,26.10.2023 16:49:49,28.10.2023 13:44:49,7
169346,116767,93107,28848,456725,Returned,10.05.2020 16:52:22,12.05.2020 07:22:00,17.05.2020 05:05:00,19.05.2020 19:34:00,7
173149,119410,95244,15402,466928,Returned,02.02.2023 06:35:34,05.02.2023 04:35:00,08.02.2023 23:18:00,10.02.2023 16:49:00,7
14283,9800,7752,8892,38442,Cancelled,18.08.2022 03:13:01,,,,7
15132,10376,8200,8935,40737,Cancelled,29.08.2023 14:51:04,,,,7
23162,15922,12531,25558,62435,Cancelled,23.10.2023 02:45:51,,,,7
25212,17321,13628,11782,67960,Cancelled,11.02.2022 14:16:43,,,,7
32536,22343,17586,12690,87847,Cancelled,18.08.2020 11:04:34,,,,7
38352,26372,20854,12567,103548,Cancelled,23.12.2022 10:29:26,,,,7
39541,27203,21541,25558,106717,Cancelled,13.10.2023 10:33:59,,,,7
51017,35027,27738,11782,137600,Cancelled,13.05.2022 00:13:33,,,,7
59248,40702,32268,11783,159656,Cancelled,11.10.2021 13:43:56,,,,7
78497,53968,42912,28848,211513,Cancelled,06.05.2023 08:37:56,,,,7
103619,71258,56853,11000,279548,Cancelled,23.03.2022 12:08:34,,,,7
126386,87051,69429,12567,340957,Cancelled,22.10.2023 01:13:18,,,,7
134775,92791,74075,24905,363546,Cancelled,27.09.2023 22:43:37,,,,7
137490,94661,75570,15622,370833,Cancelled,23.07.2022 02:15:25,,,,7
147230,101428,80914,8892,397046,Cancelled,29.01.2023 02:23:06,,,,7
156739,108041,86135,11000,422730,Cancelled,12.04.2023 07:07:00,,,,7
756,514,390,11834,2078,Processing,24.10.2023 15:33:53,,,,7
11110,7621,6033,11783,29925,Processing,10.09.2023 22:58:31,,,,7
24535,16870,13274,11783,66174,Processing,26.08.2022 01:26:28,,,,7
29481,20255,15913,12665,79523,Processing,29.09.2023 03:48:51,,,,7
35439,24362,19216,11782,95690,Processing,08.12.2022 03:43:15,,,,7
54988,37775,29899,13810,148254,Processing,23.08.2022 09:02:14,,,,7
56486,38817,30737,15863,152271,Processing,04.09.2023 01:26:32,,,,7
66420,45671,36233,12554,178844,Processing,30.07.2023 12:27:28,,,,7
68889,47366,37620,13810,185534,Processing,09.12.2020 05:24:28,,,,7
71433,49096,39020,12537,192405,Processing,19.10.2023 13:08:57,,,,7
83875,57659,45863,15863,226069,Processing,05.02.2022 20:52:53,,,,7
113863,78367,62487,15863,307175,Processing,24.01.2023 07:01:53,,,,7
116197,79983,63782,12665,313497,Processing,24.07.2023 09:25:15,,,,7
122332,84181,67138,8935,330096,Processing,21.03.2023 05:58:57,,,,7
141505,97400,77680,12537,381600,Processing,23.01.2021 12:18:02,,,,7
142777,98286,78396,13969,385021,Processing,18.08.2023 23:01:10,,,,7
143164,98564,78599,12690,386070,Processing,03.06.2020 03:58:13,,,,7
147858,101862,81250,11834,398782,Processing,01.04.2023 08:07:13,,,,7
149188,102774,82009,12537,402363,Processing,16.10.2020 00:11:12,,,,7
157815,108785,86743,8935,425608,Processing,28.11.2021 22:01:06,,,,7
158284,109111,86991,15622,426867,Processing,30.08.2023 17:45:31,,,,7
162899,112328,89535,15622,439379,Processing,30.04.2022 01:20:56,,,,7
165498,114118,91006,11834,446343,Processing,09.04.2023 03:20:26,,,,7
167725,115657,92235,25558,452368,Processing,24.09.2020 08:52:50,,,,7
172599,119025,94925,25558,465442,Processing,03.08.2023 08:39:56,,,,7
68343,46986,37304,6957,184066,Shipped,11.03.2022 23:13:23,13.03.2022 01:02:00,,,"7,25"
127589,87876,70100,6951,344239,Shipped,06.03.2023 11:49:22,08.03.2023 23:58:00,,,"7,25"
55115,37861,29959,6957,148605,Complete,13.10.2020 05:08:41,14.10.2020 23:34:00,15.10.2020 05:08:00,,"7,25"
87546,60138,47840,6951,235943,Complete,06.04.2023 13:53:26,09.04.2023 11:38:00,10.04.2023 18:16:00,,"7,25"
164790,113631,90607,6957,444435,Complete,27.07.2023 13:56:05,28.07.2023 20:22:00,01.08.2023 21:40:00,,"7,25"
176336,121587,97013,6951,475530,Returned,16.04.2021 05:06:32,14.04.2021 16:21:00,17.04.2021 09:49:00,17.04.2021 15:12:00,"7,25"
135000,92938,74196,6957,364172,Cancelled,13.03.2022 13:10:45,,,,"7,25"
46226,31784,25200,6951,124661,Processing,25.09.2022 15:18:54,,,,"7,25"
59987,41217,32663,6951,161663,Processing,10.05.2022 08:03:03,,,,"7,25"
67860,46656,37044,6951,182717,Processing,14.04.2022 06:35:47,,,,"7,25"
130561,89900,71718,6951,352180,Processing,17.07.2022 16:52:31,,,,"7,25"
5638,3834,2993,9058,15219,Shipped,05.08.2023 07:38:52,06.08.2023 21:39:00,,,"7,5"